id,title,descrption,price
100,Ginnie,qI,713.5
101,Mignon,Jw,652.44
102,Alameda," k",126.34
103,Deane,lR,322.26
104,Binny,IX,23.3
105,Tilly,fQ,594.15
106,Micheline,dX,32.3
107,Lusa," k",382.94
108,Rebeca,bZ,238.31
109,Stephanie,Tq,702.59
110,Frank,lb,903.32
111,Karolina,ph,921.07
112,Kaja,yo,815.66
113,Joceline,VL,531.32
114,Marguerite," Z",584.72
115,Stevana,dp,223.4
116,Elena,YH,902.31
117,Tabbatha,WQ,250.82
118,Pearline,qT,799.53
119,Hollie,Ix,971.77
120,Peri,if,775.66
121,Sissy,vl,920.94
122,Diena,vI,459.97
123,Dari,Rw,531.91
124,Letizia,WK,751.91
125,Jany,xq,737.47
126,Johna,EV,639.45
127,Jorry,ti,283.54
128,Barbi,ZB,208.98
129,Pearline,WI,77.45
130,Alexine,PD,996.93
131,Eugine,kG,713.93
132,Alexine,JE,48.47
133,Margalo,Lu,113.62
134,Carree,QG,204.02
135,Chrystel,Ra,835.46
136,Elmira,nB,20.11
137,Alie,Xh,214.11
138,Janey,HG,51.78
139,Devina,hl,385.12
140,Aaren,dA,784.25
141,Beatriz,qH,662.8
142,Clarice,qE,312.35
143,Sheelagh,lB,933.74
144,Alisha,tB,900.2
145,Tressa,Zg,288.95
146,Kamilah,pc,608.37
147,Tori,nm,629.54
148,Joelly,Qs,179.24
149,Gerianna,GE,882.56
150,Zaria,yw,569.99
151,Elka,tI,550.73
152,Susette,hj,387.26
153,Jerry,fQ,487
154,Suzette,vx,31.51
155,Trudie,Ty,235.65
156,Deedee,em,944.94
157,Keelia,Qe,168.26
158,Morganica,gg,444.29
159,Dode,xe,773.85
160,Wynne,jD,343.02
161,Fredericka,dr,213.93
162,Leanna,Qm,416.91
163,Imojean,UL,631.5
164,Maye,eX,789.33
165,Dari,pM,694.01
166,Romona,at,253.21
167,Oralee,Vt,463.51
168,Etta,FJ,536.5
169,Celisse,HW,902.22
170,Sue,Yj,506.03
171,Ekaterina,sm,65.67
172,Ebonee,aT,789.33
173,Roseline,yZ,874.51
174,Nickie,Zg,75.35
175,Odessa,df,243.78
176,Averyl,TL,617.81
177,Jaime,"p ",585.39
178,Kathy,MO,133.46
179,Ardenia,fG,865.26
180,Nyssa,dA,274.1
181,Mahalia,hx,911.08
182,Dode,BR,409
183,Kalina,Fj,816.29
184,Merle,OK,194.83
185,Fanny,VX,797.27
186,Lyssa,WU,558.09
187,Hyacinthe,LJ,597.4
188,Ivett,Gq,36.64
189,Aubrie,dj,158
190,Sallie,yu,402.74
191,Brandise,RY,829.86
192,Beverley,kH,675.02
193,Collen,Cd,516.99
194,Rozele,GL,232.52
195,Marjie,"T ",959.18
196,Dorene,fK,766.49
197,Nerta,UH,884.75
198,Jenda,"x ",244.53
199,Ursulina,TX,681.43
200,Chandra,bF,958.4
201,Belinda,jb,119.17
202,Katuscha,Ok,719.13
203,Ermengarde,Sa,204.89
204,June,kD,102.98
205,Jacenta,hX,990.09
206,Charmaine,KF,801.19
207,Celestyna,xf,865.79
208,Rori,ln,550.26
209,Barbara,Tc,530.77
210,Augustine,It,544.74
211,Sissy,ur,249.8
212,Genovera,aE,379.5
213,Zondra,kU,23.67
214,Sallie,nL,782.78
215,Georgetta,Tb,218.45
216,Tracey,MX,426.16
217,Jean,xs,850.15
218,Barbi,sS,990.33
219,Jeanna," i",204.5
220,Shirlee,BL,267.32
221,Cacilie,qH,915.75
222,Aubrie,FD,191.45
223,Melanie,dH,746.44
224,Roxane,lL,805.1
225,Jillayne,iZ,530.46
226,Linzy,vM,488.14
227,Patricia,qd,23.41
228,Aaren,sZ,671.17
229,Leona,SR,846.16
230,Lynea," G",446.8
231,Sibella,WO,359.8
232,Molli,uw,623.67
233,Valera,"h ",972.74
234,Joy,WY,270.73
235,Karolina,Tx,227.7
236,Marjie,lI,437.5
237,Rori,oq,805.82
238,Carol-Jean,Tv,989.5
239,Vivia,Jc,923.08
240,Georgina,Bf,485.64
241,Dolli,mF,850.16
242,Brena,FM,569.5
243,Goldie,hD,448.26
244,Miquela,kx,805.38
245,Gwenneth,rH,81.52
246,Barbara,ng,676.49
247,Ana,Mu,410.5
248,Merle,vt,334.23
249,Neila,Yg,657.41
250,Melodie,VP,220.91
251,Dale,WV,179.23
252,Rubie,Qy,135.35
253,Ginnie,nc,188.25
254,Meriel,oC,346.82
255,Nonnah,HS,828.86
256,Katuscha,wl,476.35
257,Stacey,RZ,460.64
258,Felice,No,328.47
259,Blake,BL,651.13
260,Talya,Vy,47.44
261,Audrie,AN,524.35
262,Shauna,dG,472.83
263,Alisha,"E ",760.84
264,Tatiania,sk,215.61
265,Cathie,iE,900.53
266,Peri,RL,992.57
267,Eolanda,WQ,41.36
268,Annabela,By,881.04
269,Ronna,kG,945.9
270,Starla,Bl,602.37
271,Kelly," U",349.02
272,Frieda,VR,332.74
273,Jennica,PJ,213.87
274,Inga,vR,474.82
275,Celisse,Lo,960.2
276,Gerianna,Np,472.5
277,Amara,ui,835.36
278,Meghann,dI,980.54
279,Wileen,kS,774.66
280,Hannis,DD,925.74
281,Gale,Lw,792.95
282,Annora,rP,855.1
283,Sean,aT,634.96
284,Elsie,vG,328.12
285,Magdalena,"u ",94.74
286,Zsa Zsa,mR,844.8
287,Feliza,ZB,867.13
288,Carol-Jean,"j ",506.13
289,Shauna,XR,621.38
290,Julieta,ug,121.33
291,Alie,Qm,567.03
292,Leona,Fe,468.3
293,Lorne,Yu,43.1
294,Dania,go,336.93
295,Shell,uC,1.29
296,Silvana,"z ",352.64
297,Letizia,JB,624.09
298,Yetty,yh,35.78
299,Melisent,QT,734.71
300,Dari,tL,345.02
301,Lacie,rh,873.37
302,Lacie,WT,731.11
303,Ileana,Xh,168.54
304,Shandie,bA,641.84
305,Kate,ep,35.91
306,Jillayne,js,743.15
307,Desirae,iL,574.87
308,Elena,Fg,976.64
309,Rosene,IB,353.65
310,Kayla,FG,583.48
311,Judy,ll,454.33
312,Caressa,Jv,985.93
313,Rosaline,tv,810.22
314,Jsandye,MC,641.82
315,Basia,ut,693.15
316,Eadie,Ko,654.8
317,Fernande,na,270.83
318,Janis,pW,342.58
319,Asia,du,499.79
320,Gavrielle,cs,84.12
321,Natka,sr,996.26
322,Carree,MX,220.69
323,Emelina,FM,742.1
324,Jan,Nb,120.48
325,Carmencita,eJ,45.18
326,Laure,Ej,723.46
327,Tierney,Xt,404.58
328,Hyacinthe,fc,678.06
329,Konstance,xf,65.46
330,Jinny,mr,883.83
331,Wynne,eJ,368.6
332,Meghann,KW,784.39
333,June,DS,185.66
334,Lorenza,po,638.1
335,Madeleine,Mb,13.99
336,Dorthy,kW,543.34
337,Ileana,PN,97.91
338,Latisha,Kj,521.69
339,Julieta,OM,351.51
340,Vevay,Ea,437.48
341,Benita,VE,602.61
342,Cassandra,oo,678.61
343,Aigneis,Ge,224.37
344,Agathe,dH,651.29
345,Clarice,nW,29.33
346,Veda,fr,662.09
347,Krystle,vI,711.84
348,Ardeen,Wc,85.78
349,Mureil,"z ",821.98
350,Shaylyn,lD,424.67
351,Bertine,xp,941.67
352,Ulrike,yE,76.69
353,Jan,vA,296.51
354,Iseabal,PA,141.27
355,Fawne," f",784.86
356,Mara,vZ,278.92
357,Magdalena,LT,297.3
358,Estell,wH,35.17
359,Therine,ia,388.55
360,Devina,sA,660.95
361,Patricia,mq,807.53
362,Malina,CA,130.81
363,Annecorinne,fA,19.29
364,Dominga,BB,141.16
365,Agnese,vp,577.31
366,Marinna,FM,424.74
367,Peri,hh,635.65
368,Vevay,pa,674.96
369,Lonnie,Gj,728.23
370,Agnese,ML,340.56
371,Lita,Yo,763.18
372,Jillayne,uO,865.01
373,Vevay,sH,181.67
374,Mamie,Pe,526.39
375,Maridel,Oh,156.94
376,Eve,HE,906.76
377,Maridel,ZW,485.66
378,Tomasina," S",359.09
379,Anallese,Za,26.02
380,Shannah,rH,925.16
381,Malina,dn,91.77
382,Correy,HQ,992.31
383,Elbertina,Yz,106.19
384,Blondelle,dB,480.05
385,Ira," O",434.16
386,Noelle,hg,214.75
387,Carlie,HZ,610.45
388,Ardeen,Br,997.62
389,Ricky,pw,279.43
390,Allis,RA,295.42
391,Amelia,jI,850.03
392,Charissa,ev,23.22
393,Wynne,EV,580.76
394,Tatiania,Mm,457.48
395,Willetta,dB,961.07
396,Clary,EA,209.36
397,Sissy,NN,816.23
398,Emelina,zL,90.72
399,Philis,Ti,104.1
400,Nadine,Ox,513.39
401,Atlanta,lh,923.32
402,Barbi,aL,234.4
403,Ashlee,Wf,784.52
404,Margarette,GE,459.57
405,Eve,mY,262.68
406,Tobe,cH,833.45
407,Jsandye,qM,398.56
408,Hyacinthe,Ur,485.41
409,Libbie,"X ",67.26
410,Evita,Ab,858.99
411,Joelly,qQ,375.84
412,Louella,Yx,478.37
413,Leeanne,oT,494.26
414,Ruthe,Xv,453.44
415,Tani,UX,32.13
416,Philis,CB,403.16
417,Magdalena,JF,110.35
418,Pamella,Em,555.44
419,Annice,LT,346.31
420,Carlie,SB,798.05
421,Ileana,ib,650.58
422,Mariann,cu,47.14
423,Johna,gN,422.35
424,Valera,NV,445.5
425,Lusa,rL,95.51
426,Nanete,iN,967.37
427,Laure,rd,514.16
428,Jaime,ik,66.08
429,Heddie,Fl,458.44
430,Fayre,OJ,110.13
431,Jeanna,lw,250.57
432,Regina,dR,416.27
433,Beatriz,pQ,550.44
434,Gianina,DS,112.3
435,Edith,dL,926.03
436,Sherrie,KW,858.86
437,Anallese,Le,395.9
438,Bernardine,uN,991.07
439,Tilly,BT,269.58
440,Olwen,On,546.35
441,Ottilie,Kt,641.93
442,Cyb,bE,438.08
443,Charissa,yN,586.13
444,Angela,CB,157.27
445,Trudie,hd,44.15
446,Kimberley,Fr,682.37
447,Joleen,Ce,508.99
448,Bertine,EY,400.11
449,Heida,ew,547.57
450,Gretal,Pa,452.37
451,Talya,sR,445.57
452,Averyl,oG,276.03
453,Kirstin,Tc,244.58
454,Imojean,oe,932.42
455,Cathie,Ip,803.43
456,Dode,vz,68.46
457,Queenie,De,44.26
458,Flory,rh,492.74
459,Ileana,lx,142.27
460,Magdalena,Ug,284.21
461,Michaelina,CN,192.58
462,Hildegaard,vU,470.5
463,Orelia,eR,800.21
464,Genevra,xh,439
465,Damaris,bJ,640.07
466,Pamella,ee,922.37
467,Lizzie," Y",367.29
468,Marita,wh,71.71
469,Stacey,uE,334.21
470,Anica,ZJ,404.89
471,Vinita,fS,487.26
472,Aeriela,lm,222.51
473,Marika,Tt,508.2
474,Cacilie,EM,356.44
475,Dagmar,qt,760.04
476,Aaren,xV,461.44
477,Nonnah,NZ,11.84
478,Vonny,FP,784.2
479,Lulita,"z ",290.54
480,Joelly,FE,36.12
481,Fayre,Us,104.9
482,Roberta,Yj,732.9
483,Lizzie,OK,836.49
484,Drucie,xz,300.59
485,Alyda,xq,325.87
486,Ninnetta,Jw,186.58
487,Lolita,pa,473.56
488,Nerta,wp,811.9
489,Sindee,wK,963.73
490,June,RV,786.86
491,Isa,Mo,442.18
492,Jorry,Sg,587.17
493,Deane,iG,548.37
494,Candi,"A ",363.28
495,Lizzie,to,378.75
496,Charmaine,DE,66.93
497,Luci,RR,649.72
498,Libbie,mE,686.65
499,Susette,tC,859.81
500,Jessamyn,Ks,67.94
501,Bernie,HP,471.43
502,Merry,YM,59.06
503,Olivette,YM,92.74
504,Zondra,Bn,504.22
505,Leia,Sl,327.83
506,Merle,Pz,394.7
507,Gloria,IE,155.18
508,Patricia,BR,343.57
509,Corry,ky,91.89
510,Olivette,ku,221.86
511,Carmela,bZ,209.83
512,Goldie,yS,348.49
513,Verla,Uf,899.45
514,Violet,cu,882.13
515,Trudie," s",423.61
516,Hayley,lu,576.51
517,Nollie,Ir,343.05
518,Daphne,iZ,996.32
519,Ekaterina,Dv,232.04
520,Belinda,"Q ",973.32
521,Kayla,OS,208.83
522,Merle,XM,663.63
523,Melina,nC,419.6
524,Annora,qL,587.88
525,Adelle,DG,351.64
526,Ernesta,al,215.71
527,Magdalena,Nj,132.62
528,Starla," v",619.04
529,Theodora,OT,686.73
530,Margette,dq,639.43
531,Clary,bb,753.67
532,Aaren,Wl,440.6
533,Katleen,pq,888.77
534,Lita,vo,792.51
535,Nonnah,rD,11.13
536,Berget,Xb,249.34
537,Janeczka,Iz,575.96
538,Fred,nF,377.66
539,Flory,HR,6.76
540,Daune,dE,651.98
541,Hermione,uz,435.68
542,Rori,rz,821.74
543,Ileana,Gh,903.79
544,Karena,QH,544.56
545,Ricky,tK,803.49
546,Margarette,Mz,625.43
547,Mahalia,fm,841.89
548,Glynnis,Mg,2.87
549,Rhea,Xq,340.52
550,Mamie,bt,492.36
551,Carilyn,VP,923.85
552,Merci,uT,768.71
553,Caressa,KH,63.69
554,Ericka,Sy,748.69
555,Modestia,LD,573.15
556,Nerta,SI,778.08
557,Susan,Gt,633.75
558,Ardenia,FH,74.36
559,Kayla,GG,502.11
560,Dennie,pU,752.25
561,Clementine,AJ,486.43
562,Marita,nl,568.86
563,Clary,yd,259.46
564,Wanda,yN,453.05
565,Alyssa,hw,488.22
566,Brietta,IZ,905.28
567,Nollie,qk,705.32
568,Anthia,fl,408.66
569,Louella,Ii,837.73
570,Lelah,KA,1000.32
571,Netty,Oj,18.06
572,Marcelline,Hl,871.08
573,Jorry,Dq,507.77
574,Lynnea,fP,74.78
575,Judy,zN,93.8
576,Sonni,gp,685.37
577,Mureil,aF,776.73
578,Ariela,Aw,327.85
579,Brena,ap,702
580,Teddie,vR,822.76
581,Noelle,tH,878.98
582,Alexine,QM,215.5
583,Heida,rB,165.4
584,Tonia,OR,776.82
585,Karena,HI,120.06
586,Mamie,KQ,913.72
587,Sophia,RN,718.11
588,Cassandra,qs,998.65
589,Collen,vK,819.17
590,Shannah,Si,376.26
591,Jackie,ZJ,348.62
592,Merrie,pd,416.14
593,Anthia,Ga,384.81
594,Raquela,XP,64.57
595,Kristina,ZR,30.74
596,Ernesta,SA,269.42
597,Beverley,ro,757.89
598,Susette,Uo,545.91
599,Stevana,hT,80.11
600,Alleen,zT,632.88
601,Vere,zF,210.49
602,Marjie,tn,616.94
603,Ericka,es,806.87
604,Jeanna,lK,539.92
605,Nikki,Lx,986.22
606,Mady,HY,200.76
607,Shandie,Wi,47.28
608,Ninnetta,pl,704.22
609,Glynnis,hs,867.93
610,Cherilyn,IU,496.71
611,Anallese,vR,813.65
612,Kore,Vs,795.13
613,Addia,lw,804.51
614,Patricia,ux,281.84
615,Modestia,kk,390
616,Bobinette,PR,405.74
617,Sheelagh,Oy,217.67
618,Belinda,nL,330.9
619,Aeriela,fJ,188.85
620,Karlee,EM,409.76
621,Elfreda,rw,950.11
622,Annabela,MO,188.44
623,Joeann,Cw,387.19
624,Libbie,iY,14.47
625,Eolanda,mA,768.32
626,Kate,pL,960.34
627,Bobinette,YE,237.55
628,Selia,ca,484.22
629,Berta,Md,752.01
630,Aurore,RH,689.43
631,Clarice,tY,335.08
632,Gui,Ig,977.31
633,Wynne,wG,36.55
634,Corry,Gm,403.95
635,Leanna,Bx,438.88
636,Gerianna,zo,927.02
637,Joceline,pN,469.26
638,Lanae,Dy,673.84
639,Tiffie,BI,301.56
640,Katleen,Up,970.85
641,Peri,Yf,127.95
642,Harmonia,eH,419.92
643,Myriam,Kt,82
644,Edith,Od,323.28
645,Aili,Ic,798.85
646,Viki,ar,195.22
647,Sissy,Nd,213.78
648,Tani,KK,173.15
649,Wilma,oG,811.53
650,Esmeralda,qX,497.77
651,Jenda,Rx,325.06
652,Devina,rw,30.7
653,Babita,wT,909.15
654,Ernesta,"j ",545.58
655,Rosaline,QJ,329.75
656,Harrietta,uh,816.06
657,Chloris,Xp,353.82
658,Alejandra,sM,33.92
659,Jessy,DH,708.67
660,Corene,Rb,840.22
661,Tilly,lm,115.67
662,Basia,Sz,359.9
663,Cyndie,ls,129.06
664,Lizzie,WB,544.74
665,Tabbatha,SI,722.72
666,Amalie,aR,717.25
667,Kylynn,yu,350.87
668,Jackie,ou,324.56
669,Fidelia,ii,820.33
670,Quintina,Tv,7.06
671,Lelah,KZ,332.5
672,Lacie,wO,583.29
673,Evita,Xv,84.99
674,Rani,QG,60.89
675,Berta,Ha,795.94
676,Danny,fe,831.64
677,Viki,ma,517.23
678,Belva,qj,461.88
679,Tonia,tB,22.85
680,Agnese,vb,349.87
681,Kellen,hq,482.27
682,Gui,qY,900.23
683,Tamqrah,Qr,550.84
684,Gwyneth,xo,447.15
685,Averyl,yf,272.34
686,Elora,Ry,933.83
687,Beth,kX,497.13
688,Danny,AT,124.7
689,Flory,jc,21.86
690,Carlie,ub,806.44
691,Noelle,vf,173.32
692,Adriana,RA,110.21
693,Jean,cL,488.16
694,Alexine,dN,37.44
695,Shaylyn,HA,115.18
696,Rori,EQ,609.76
697,Briney,in,123.63
698,Deane,zh,288.41
699,Coral,dI,48.38
700,Molli,Hu,75.86
701,Jsandye,Wc,830.39
702,Meriel,MT,195.66
703,Jolyn,dy,958.08
704,Adore,kn,918.09
705,Jere,AV,579.86
706,Dominga,bM,512.81
707,Talya,Fz,154.57
708,Nariko,jx,849.12
709,Allis,WE,595.78
710,Olwen,Od,600.38
711,Livvyy,IA,125.67
712,Justinn,aT,233.09
713,Cathyleen,"J ",412.98
714,Berta,Jc,726.28
715,Ginnie,Yp,864.42
716,Brandise," c",627.79
717,Misha,pu,302.76
718,Myrtice,Zb,889.23
719,Giustina,Yu,91.6
720,Emelina,Li,517.25
721,Allis,Xt,116.22
722,Amalie,rm,435.55
723,Luci,ue,165.72
724,Jolyn,Rb,421.62
725,Leeanne,JG,90.03
726,Frank,wp,719.12
727,Tabbatha,tQ,512.7
728,Korrie,GR,919.25
729,Roslyn,mi,116.63
730,Jere,ZC,412.44
731,Collen,bJ,225.57
732,Petronia,Zo,370.7
733,Alexine,ML,753.84
734,Elbertina,Di,445.38
735,Babita,OE,214.66
736,Joceline,PS,228.05
737,Beatriz,dA,902.12
738,Morganica,HI,647.35
739,Georgina,pv,427.76
740,Hallie,CR,791.36
741,Kary,jm,484.86
742,Cathie,xi,550.92
743,Kristina,sW,323.85
744,Winny,OW,568.31
745,Wileen,LZ,529.99
746,Fawne,kh,755.13
747,Margarette,cY,237.25
748,Lorenza,vA,291.17
749,Aimil,Qe,446.49
750,Angela,"H ",378.01
751,Wileen,YC,887.05
752,Korrie,hv,993.94
753,Eolanda,bu,44.43
754,Oona,HK,121.6
755,Alameda,FM,689.35
756,Marline,pj,756.62
757,Nyssa,Fx,463.58
758,Dyann,bm,297.35
759,Ellette,Fo,1.13
760,Kimberley,hO,446.09
761,Eadie,Ha,145.27
762,Renae,gI,825.3
763,Madeleine,ig,808.13
764,Ellette,so,592.77
765,Fayre,Ue,638.47
766,Dulce,cI,281.1
767,Fawne,KH,806.1
768,Marti,bn,111.67
769,Celestyna,DA,120.16
770,Annaliese,At,338.86
771,Caressa,zu,632
772,Emelina,cz,728.58
773,Harmonia,JY,567.11
774,Libbie,pF,48.97
775,Florencia,aZ,643.3
776,Aurore,Te,765.94
777,Cindelyn,jX,712.13
778,Anestassia,RP,859.35
779,Pollyanna,DZ,496.23
780,Babita,uj,663.62
781,June,jN,362.77
782,Olwen,Ne,290.38
783,Rori,Ho,950.58
784,Rhoda,TN,653.43
785,Gui,CZ,122.51
786,Jeanna,aS,488.78
787,Ottilie,NM,230.59
788,Kaja,tX,63.23
789,Hildegaard,DS,776.41
790,Melisent,Kt,35.55
791,Lynde,Jn,956.82
792,Shirlee,Pp,292.71
793,Courtnay,SR,472.15
794,Blondelle,qt,552.25
795,Frances,JM,17.2
796,Max,Mv,719.75
797,Justinn,As,176.61
798,Kathi,Vo,122.21
799,Sam,qe,629.2
800,Hollie,dU,894.63
801,Larine,IG,630.82
802,Claudina,yT,807.32
803,Mureil,fH,26.37
804,Isa,FH,381.15
805,Livvyy,nW,161.62
806,Maisey,cM,167.28
807,Paulita," i",375.65
808,Jacquetta,DT,269
809,Lacie,pc,186.48
810,Lenna,YS,306.21
811,Renie,dO,655.7
812,Doro,EA,401.03
813,Kimberley,tr,443.42
814,Leeanne,Mk,533.21
815,Ronna,Zc,155.61
816,Ashlee,gx,356.23
817,Peri,pL,670.95
818,Allis,SQ,239.76
819,Olivette,gl,219.81
820,Demetris,Xd,622.06
821,Shauna,QE,225.35
822,Meg,Hu,41.58
823,Kore,fx,896.53
824,Phedra,RM,768.75
825,Atlanta,Pm,192.19
826,Alyda,ck,999.91
827,Deane,nR,639.33
828,Anallese,gH,363.87
829,Liana,Ao,162
830,Margalo," U",422.33
831,Justinn,YC,539.36
832,Lila,YH,251.28
833,Kary,hf,236.12
834,Benita,Uu,412.79
835,Emylee,zQ,747.97
836,Shel,bO,567.42
837,Danny,Tk,699.93
838,Florencia,jV,503.33
839,Tressa,vh,378.93
840,Marcelline,FV,723.2
841,Frances," b",180.2
842,Myrtice,Rq,971.5
843,Emma,ZO,867.92
844,Charlena,DF,981.57
845,Audrie,Xh,16.22
846,Tierney,ZC,906.77
847,Lizzie,gV,109.14
848,Lila,cY,767.37
849,Lusa,Qj,847.45
850,Cassondra,iX,55.72
851,Arabel,hM,486.6
852,Cindelyn,Qu,792.17
853,Patricia,cT,110.38
854,Doralynne,tX,103.81
855,Joelly,Aj,862.75
856,Vevay,yI,411.37
857,Tersina,sy,985.46
858,Kathy,Vp,663.8
859,Elka,Dn,464.36
860,Verla,Uc,519.68
861,Audrie,Xz,667.92
862,Coral,qs,755.29
863,Latisha,do,615.08
864,Aeriela,EA,29.06
865,Annabela,TW,847.62
866,Reeba,gZ,851.52
867,Yetty,Kg,313.23
868,Ethel,VP,141.72
869,Claresta,ju,21.66
870,Vinita,GI,935.87
871,Valli,"d ",695.25
872,Tonia,Xm,383.98
873,Evita,qT,754.81
874,Courtnay,IJ,414.98
875,Paulita,Ku,979.82
876,Annecorinne,XD,480.39
877,Sindee,jG,910.66
878,Nanete,ID,108.75
879,Theodora,Uf,464.74
880,Priscilla,OX,432.47
881,Jacenta,sr,362.5
882,Cherrita,gn,878.1
883,Jasmina,EV,364.83
884,Augustine,BW,706.58
885,Molli,Bx,961.74
886,Anthia,Zi,459.03
887,Winifred,bP,718.27
888,Bill,HA,400.22
889,Mureil,KV,360.5
890,Dorthy,Jy,485.27
891,Wynne,lB,226.37
892,Dulcinea,KX,965.98
893,Korrie,DP,921.38
894,Gretal,Jh,937.88
895,Lulita,ru,432.54
896,Violet,mW,944.96
897,Marline,pQ,92.81
898,Clary,Xz,597.68
899,Ruthe,hz,627.59
900,Correy,aG,1.99
901,Felice,Za,100.93
902,Dode,gm,208.54
903,Zsa Zsa,Pa,116.72
904,Celene,fN,617.26
905,Anallese,cW,827.26
906,Elena,qn,109.87
907,Janey,sh,502.54
908,Aeriela,My,973.12
909,Sybille,ZZ,895.35
910,Wanda,Ep,949.55
911,Rivalee,jv,733.64
912,Renie,Yf,40.06
913,Lolita,qO,658.94
914,Estell,cW,859.72
915,Dorice,nc,228.77
916,Dode,NI,665.98
917,Andree,DZ,759.69
918,Suzette,Sc,953.74
919,Belinda,TD,378.87
920,Elsie,ST,337.95
921,Mary,kD,419.9
922,Emylee,oE,656.54
923,Meriel,hr,722.37
924,Theodora,ca,34.63
925,Caressa,Bp,973.47
926,Genovera,FQ,118.48
927,Ginnie,Gl,550.01
928,Katuscha,TF,572.51
929,Lyssa,Na,497.76
930,Robinia,Ia,755.8
931,Thalia,OW,411.22
932,Kore,Fu,110.61
933,Liana,xh,479.39
934,Isa,Vs,257.33
935,Tami,bL,645.11
936,Jaclyn,ni,584.93
937,Paola,Fa,473.6
938,Gratia,LY,649.08
939,Ana,FO,446.31
940,Emmey,TM,2.52
941,Valera,WN,126.53
942,Wileen,Fe,207.13
943,Joceline,Us,977.51
944,Goldie,Eo,292.82
945,Kirbee,JR,337.29
946,Sybille,WS,732.6
947,Minda,Je,997.39
948,Sophia,CI,766.94
949,Frank,OY,826.6
950,Adelle,Gv,544.4
951,Mariele,rs,198.59
952,Sabina,bW,509.27
953,Larine,"b ",337.01
954,Jacenta,qP,634.38
955,Dale,Co,224.97
956,Deirdre,ZP,501.39
957,Anthia,Bs,820.8
958,Iseabal,cP,730.64
959,Winny,Km,912.21
960,Brianna,fA,193.78
961,Cindelyn,Nc,81.65
962,Florie,yC,706.28
963,Yvonne,nI,405.45
964,Leontine,pD,525.05
965,Mureil,zb,806.95
966,Karena,PF,449.73
967,Melodie,WQ,721.52
968,Sharai,Bl,490.62
969,Almeta,gN,86.54
970,Elmira,qo,520.39
971,Micheline,LF,13.67
972,Maud,Vs,375.42
973,Tarra,ww,290.58
974,Gaylene,rW,358.61
975,Adelle,Cu,963.01
976,Tomasina,"F ",47.31
977,Ingrid,IA,984.38
978,Larine,kj,481.12
979,Starla,qR,335.3
980,Di,Tn,450.63
981,Randa,nx,658.36
982,Merle,Xk,354.22
983,Demetris,Pn,132.28
984,Dotty,xo,93.44
985,Paulita,PI,55.68
986,Kassey,fZ,268.78
987,Lucy,eV,105.72
988,Alleen,un,669.04
989,Jean,uP,891.48
990,Feliza,Th,935.08
991,Paulita,Ad,146.14
992,Melodie,Bd,233.59
993,Florie,RA,756.05
994,Paulita,RI,346.34
995,Nariko,MN,220.47
996,Shandie,Ur,929.55
997,Maye,Wa,933.9
998,Elyssa,tC,966.16
999,Doro,SH,534.88
1000,Jean,Ci,487.34
1001,Halette,oL,17.11
1002,Shauna,WN,951.52
1003,Alameda,hO,649.96
1004,Genevra,iA,267.83
1005,Eolanda,bc,242.92
1006,Ottilie,fy,704.09
1007,Ileana,nt,309.69
1008,Morganica,pa,949.53
1009,Georgina,"H ",139.06
1010,Maisey,dE,762.84
1011,Emma,OX,18.02
1012,Sharai,As,799.69
1013,Shaine,zO,418.08
1014,Jorry,qk,586.52
1015,Gabriellia,xL,934.45
1016,Lila,uU,792.28
1017,Trudie,FD,417
1018,Lanna,oO,518.87
1019,Andeee,Yc,170.91
1020,Dulce,WC,808.54
1021,Stevana,so,507.24
1022,Jessy,sI,141.69
1023,Laure,Sa,590.51
1024,Alia,Qy,748.76
1025,Wynne,Hg,165.14
1026,Robinia,RJ,255.39
1027,Cassondra,TD,39.53
1028,Queenie,JO,130.87
1029,Leeanne,Ji,593.31
1030,Bee,rW,555.42
1031,Norine,FJ,959.28
1032,Lenna,TK,51.66
1033,Lisette,eb,47.26
1034,Luci,sg,178.85
1035,Kathy,kF,965.08
1036,Jemie,rx,35.8
1037,Leia,YL,404.24
1038,Kelly,vJ,618.57
1039,Etta,dI,427.37
1040,Trixi,ig,991.49
1041,Philis,Eu,349.18
1042,Liana,aU,388.4
1043,Sharai,ZM,155.67
1044,Fredericka,Ua,301.28
1045,Ricky,"c ",478.01
1046,Kaia,Xl,114.98
1047,Micheline,CT,40.18
1048,Kerrin,bG,892.28
1049,Petronia,Dc,32.76
1050,Deloria,hd,425.89
1051,Ivett,is,675.73
1052,Britte,BR,300.23
1053,Kristina,UM,151.07
1054,Abbie,pC,30.48
1055,Nicoli,WC,751.82
1056,Dode,CR,893.48
1057,Cam,xX,445.07
1058,Jean,oE,250.18
1059,Mildrid,MQ,43.3
1060,Celisse,su,911.09
1061,Diena,OY,199.06
1062,Judy,CD,951.62
1063,Imojean,UR,11.01
1064,Atlanta,IT,362.27
1065,Gretal,VH,807.87
1066,Starla,pT,642.53
1067,Eadie,jm,330.58
1068,Stacey,la,882.34
1069,Robinia,jY,683.88
1070,Alisha,ik,881.9
1071,Gui,vU,415.7
1072,Dode,yp,2.35
1073,Oona,Si,739.77
1074,Kalina,gT,124.91
1075,Carmela,dC,755.89
1076,Drucie,DI,710.51
1077,Nonnah,zo,448.65
1078,Susan,Eg,672.44
1079,Thalia,py,987.89
1080,Pierette,yI,570.08
1081,Amelia,dH,836.49
1082,Rochette,EM,427.3
1083,Maisey,LM,978.56
1084,Rivalee,rk,11.09
1085,Joelly,zb,228.78
1086,Roxane,gt,834.48
1087,Heddie,wm,972.67
1088,Modestia,wi,679.1
1089,Karina,Dr,98.63
1090,Damaris,fc,639.7
1091,Clary,sN,229.25
1092,Caressa," W",862.02
1093,Florie,KD,877.53
1094,Evaleen,zf,192.64
1095,Bettine,QS,632.02
1096,Tomasina,Vz,959.21
1097,Shaine,"s ",99.27
1098,Tressa,LR,682.96
1099,Heida,Az,512.62